"","time","fact","wdim","min_n"
"1",175.314742565155,3,7,2
"2",1476.25621008873,3,7,2
"3",374.97404551506,3,7,2
