"","time","fact","wdim","rarify_n","rarify_nit"
"1",124.127501487732,3,7,2,5
"2",1405.72138834,3,7,2,5
"3",1011.77469015121,3,7,2,5
