"","time","fact","wdim","rarify_n","rarify_nit"
"1",6.70916175842285,3,7,2,5
"2",11.6889786720276,3,7,2,5
"3",324.154790878296,3,7,2,5
