"","time","fact","wdim","min_n"
"1",6.94234800338745,3,7,2
"2",16.3963541984558,3,7,2
"3",102.702876567841,3,7,2
