"","time","fact","wdim","rarify_n","rarify_nit"
"1",8.61189317703247,3,7,2,5
"2",16.8627378940582,3,7,2,5
"3",447.113261222839,3,7,2,5
