"","time","fact","wdim","min_n"
"1",6.10142302513123,3,7,2
"2",11.185729265213,3,7,2
"3",88.2135586738586,3,7,2
