"","time","fact","wdim","min_n"
"1",13.3616864681244,3,7,2
"2",64.9002268314362,3,7,2
"3",169.796829462051,3,7,2
