"","time","fact","wdim","rarify_n","rarify_nit"
"1",16.2515845298767,3,7,2,5
"2",68.0690321922302,3,7,2,5
"3",723.276049137115,3,7,2,5
