"","time","fact","wdim","rarify_n","rarify_nit"
"1",22.8814313411713,3,7,2,5
"2",122.200177669525,3,7,2,5
"3",851.469467401505,3,7,2,5
