"","time","fact","wdim","min_n"
"1",19.7268953323364,3,7,2
"2",124.966086864471,3,7,2
"3",187.568302154541,3,7,2
